Workbook

Sheet Instrucciones
A1: Ejercicio 7: Fletes y embarques
A3: CLAVE DEL INSTRUCTOR. Este es el archivo 01 con las fórmulas ya puestas. No se entrega a los asistentes.

Sheet Embarques
A1: N° Embarque | B1: Fecha | C1: Cliente | D1: Origen | E1: Destino | F1: Incoterm | G1: Contenedor | H1: Flete USD | I1: Seguro USD | J1: Otros gastos USD | K1: Total USD | L1: Estado | M1: Días de retraso | N1: Tarifa de lista USD | O1: Alerta
A2: ACL-2026-001 | B2: 46208 | C2: Importadora Cordillera S.A.S. | D2: Barranquilla | E2: Miami | F2: DAP | G2: 40 pies | H2: 1790 | I2: 8 | J2: 220 | K2: =H2+I2+J2 -> 2018 | L2: Entregado | M2: 0 | N2: =SUMIFS(Tarifas!$D$2:$D$15,Tarifas!$A$2:$A$15,D2,Tarifas!$B$2:$B$15,E2,Tarifas!$C$2:$C$15,G2) -> 1750 | O2: =IF(M2>3,"REVISAR","OK") -> OK
A3: ACL-2026-002 | B3: 46210 | C3: Muebles Altamira S.A.S. | D3: Cartagena | E3: Rotterdam | F3: CIF | G3: 20 pies | H3: 1810 | I3: 11 | J3: 190 | K3: =H3+I3+J3 -> 2011 | L3: Entregado | M3: 2 | N3: =SUMIFS(Tarifas!$D$2:$D$15,Tarifas!$A$2:$A$15,D3,Tarifas!$B$2:$B$15,E3,Tarifas!$C$2:$C$15,G3) -> 1780 | O3: =IF(M3>3,"REVISAR","OK") -> OK
A4: ACL-2026-003 | B4: 46211 | C4: Muebles Altamira S.A.S. | D4: Buenaventura | E4: Shanghái | F4: FCA | G4: 40 pies | H4: 3420 | I4: 23 | J4: 110 | K4: =H4+I4+J4 -> 3553 | L4: En tránsito | M4: 2 | N4: =SUMIFS(Tarifas!$D$2:$D$15,Tarifas!$A$2:$A$15,D4,Tarifas!$B$2:$B$15,E4,Tarifas!$C$2:$C$15,G4) -> 3650 | O4: =IF(M4>3,"REVISAR","OK") -> OK
A5: ACL-2026-004 | B5: 46211 | C5: Café Selecto de Nariño Ltda. | D5: Buenaventura | E5: Callao | F5: CIF | G5: 20 pies | H5: 1010 | I5: 6 | J5: 370 | K5: =H5+I5+J5 -> 1386 | L5: Entregado | M5: 0 | N5: =SUMIFS(Tarifas!$D$2:$D$15,Tarifas!$A$2:$A$15,D5,Tarifas!$B$2:$B$15,E5,Tarifas!$C$2:$C$15,G5) -> 950 | O5: =IF(M5>3,"REVISAR","OK") -> OK
A6: ACL-2026-005 | B6: 46211 | C6: Agroexport Valle S.A.S. | D6: Cartagena | E6: Hamburgo | F6: FOB | G6: 40 pies | H6: 2970 | I6: 18 | J6: 290 | K6: =H6+I6+J6 -> 3278 | L6: En tránsito | M6: 1 | N6: =SUMIFS(Tarifas!$D$2:$D$15,Tarifas!$A$2:$A$15,D6,Tarifas!$B$2:$B$15,E6,Tarifas!$C$2:$C$15,G6) -> 2900 | O6: =IF(M6>3,"REVISAR","OK") -> OK
A7: ACL-2026-006 | B7: 46212 | C7: Plásticos Andinos S.A. | D7: Cartagena | E7: Hamburgo | F7: FOB | G7: 40 pies | H7: 2940 | I7: 14 | J7: 290 | K7: =H7+I7+J7 -> 3244 | L7: Entregado | M7: 1 | N7: =SUMIFS(Tarifas!$D$2:$D$15,Tarifas!$A$2:$A$15,D7,Tarifas!$B$2:$B$15,E7,Tarifas!$C$2:$C$15,G7) -> 2900 | O7: =IF(M7>3,"REVISAR","OK") -> OK
A8: ACL-2026-007 | B8: 46213 | C8: Agroexport Valle S.A.S. | D8: Shanghái | E8: Buenaventura | F8: DAP | G8: 20 pies | H8: 1350 | I8: 8 | J8: 280 | K8: =H8+I8+J8 -> 1638 | L8: Entregado | M8: 0 | N8: =SUMIFS(Tarifas!$D$2:$D$15,Tarifas!$A$2:$A$15,D8,Tarifas!$B$2:$B$15,E8,Tarifas!$C$2:$C$15,G8) -> 1450 | O8: =IF(M8>3,"REVISAR","OK") -> OK
A9: ACL-2026-008 | B9: 46215 | C9: Muebles Altamira S.A.S. | D9: Barranquilla | E9: Miami | F9: FOB | G9: 40 pies | H9: 1860 | I9: 8 | J9: 130 | K9: =H9+I9+J9 -> 1998 | L9: Retrasado | M9: 7 | N9: =SUMIFS(Tarifas!$D$2:$D$15,Tarifas!$A$2:$A$15,D9,Tarifas!$B$2:$B$15,E9,Tarifas!$C$2:$C$15,G9) -> 1750 | O9: =IF(M9>3,"REVISAR","OK") -> REVISAR
A10: ACL-2026-009 | B10: 46215 | C10: Muebles Altamira S.A.S. | D10: Cartagena | E10: Hamburgo | F10: EXW | G10: 20 pies | H10: 1950 | I10: 10 | J10: 360 | K10: =H10+I10+J10 -> 2320 | L10: Entregado | M10: 1 | N10: =SUMIFS(Tarifas!$D$2:$D$15,Tarifas!$A$2:$A$15,D10,Tarifas!$B$2:$B$15,E10,Tarifas!$C$2:$C$15,G10) -> 1850 | O10: =IF(M10>3,"REVISAR","OK") -> OK
A11: ACL-2026-010 | B11: 46216 | C11: Importadora Cordillera S.A.S. | D11: Cartagena | E11: Hamburgo | F11: CIF | G11: 20 pies | H11: 2020 | I11: 11 | J11: 150 | K11: =H11+I11+J11 -> 2181 | L11: Entregado | M11: 0 | N11: =SUMIFS(Tarifas!$D$2:$D$15,Tarifas!$A$2:$A$15,D11,Tarifas!$B$2:$B$15,E11,Tarifas!$C$2:$C$15,G11) -> 1850 | O11: =IF(M11>3,"REVISAR","OK") -> OK
A12: ACL-2026-011 | B12: 46219 | C12: Plásticos Andinos S.A. | D12: Shanghái | E12: Buenaventura | F12: FCA | G12: 40 pies | H12: 2270 | I12: 13 | J12: 390 | K12: =H12+I12+J12 -> 2673 | L12: Entregado | M12: 1 | N12: =SUMIFS(Tarifas!$D$2:$D$15,Tarifas!$A$2:$A$15,D12,Tarifas!$B$2:$B$15,E12,Tarifas!$C$2:$C$15,G12) -> 2350 | O12: =IF(M12>3,"REVISAR","OK") -> OK
A13: ACL-2026-012 | B13: 46223 | C13: Muebles Altamira S.A.S. | D13: Buenaventura | E13: Shanghái | F13: DAP | G13: 20 pies | H13: 2480 | I13: 18 | J13: 250 | K13: =H13+I13+J13 -> 2748 | L13: En tránsito | M13: 1 | N13: =SUMIFS(Tarifas!$D$2:$D$15,Tarifas!$A$2:$A$15,D13,Tarifas!$B$2:$B$15,E13,Tarifas!$C$2:$C$15,G13) -> 2300 | O13: =IF(M13>3,"REVISAR","OK") -> OK
... A31: ACL-2026-030 | B31: 46287 | C31: Textiles del Pacífico S.A.S. | D31: Cartagena | E31: Hamburgo | F31: CIF | G31: 40 pies | H31: 3090 | I31: 24 | J31: 330 | K31: =H31+I31+J31 -> 3444 | L31: Entregado | M31: 4 | N31: =SUMIFS(Tarifas!$D$2:$D$15,Tarifas!$A$2:$A$15,D31,Tarifas!$B$2:$B$15,E31,Tarifas!$C$2:$C$15,G31) -> 2900 | O31: =IF(M31>3,"REVISAR","OK") -> REVISAR

Sheet Tarifas
A1: Origen | B1: Destino | C1: Contenedor | D1: Tarifa de lista USD
A2: Cartagena | B2: Hamburgo | C2: 20 pies | D2: 1850
A3: Cartagena | B3: Hamburgo | C3: 40 pies | D3: 2900
A4: Cartagena | B4: Rotterdam | C4: 20 pies | D4: 1780
A5: Cartagena | B5: Rotterdam | C5: 40 pies | D5: 2750
A6: Buenaventura | B6: Shanghái | C6: 20 pies | D6: 2300
A7: Buenaventura | B7: Shanghái | C7: 40 pies | D7: 3650
A8: Buenaventura | B8: Callao | C8: 20 pies | D8: 950
A9: Buenaventura | B9: Callao | C9: 40 pies | D9: 1500
A10: Barranquilla | B10: Miami | C10: 20 pies | D10: 1100
A11: Barranquilla | B11: Miami | C11: 40 pies | D11: 1750
A12: Shanghái | B12: Buenaventura | C12: 20 pies | D12: 1450
A13: Shanghái | B13: Buenaventura | C13: 40 pies | D13: 2350
... A15: Valencia | B15: Cartagena | C15: 40 pies | D15: 2500

Sheet Resumen
A1: Cliente | B1: Total flete USD | C1: N° de embarques
A2: Textiles del Pacífico S.A.S. | B2: =SUMIF(Embarques!$C$2:$C$31,A2,Embarques!$H$2:$H$31) -> 3090 | C2: =COUNTIF(Embarques!$C$2:$C$31,A2) -> 1
A3: Café Selecto de Nariño Ltda. | B3: =SUMIF(Embarques!$C$2:$C$31,A3,Embarques!$H$2:$H$31) -> 1950 | C3: =COUNTIF(Embarques!$C$2:$C$31,A3) -> 2
A4: Importadora Cordillera S.A.S. | B4: =SUMIF(Embarques!$C$2:$C$31,A4,Embarques!$H$2:$H$31) -> 6680 | C4: =COUNTIF(Embarques!$C$2:$C$31,A4) -> 3
A5: Plásticos Andinos S.A. | B5: =SUMIF(Embarques!$C$2:$C$31,A5,Embarques!$H$2:$H$31) -> 14350 | C5: =COUNTIF(Embarques!$C$2:$C$31,A5) -> 5
A6: Agroexport Valle S.A.S. | B6: =SUMIF(Embarques!$C$2:$C$31,A6,Embarques!$H$2:$H$31) -> 14990 | C6: =COUNTIF(Embarques!$C$2:$C$31,A6) -> 8
A7: Muebles Altamira S.A.S. | B7: =SUMIF(Embarques!$C$2:$C$31,A7,Embarques!$H$2:$H$31) -> 24360 | C7: =COUNTIF(Embarques!$C$2:$C$31,A7) -> 11
A8: TOTAL | B8: =SUM(B2:B7) -> 65420 | C8: =SUM(C2:C7) -> 30
